SMILES,delta_d,delta_p,delta_h,sol_param
CC=O,14.7,12.5,7.9,20.85065946
CC=NO,16.3,4,20.2,26.26271121
CC(N)=O,17.3,18.7,22.4,33.92255887
CC(=O)Nc1ccccc1,20.6,13.3,12.4,27.4774453
CC(=O)O,14.5,8,13.5,21.36586062
CC(=O)OC(C)=O,16,11.7,10.2,22.29192679
CC(C)=O,15.5,10.4,7,19.93514485
CC(C)(O)C#N,16.6,12.2,15.5,25.78080681
CON=C(C)C,14.7,4.6,4.6,16.07513608
CC#N,15.3,18,6.1,24.39877046
CC(=O)c1ccccc1,19.6,8.6,3.7,21.72118781
CC(C)=NO,16.3,3.7,10.9,19.95469869
C=CC=COC(C)=O,16.1,4.4,8.3,18.64027897
CC(=O)N1CCCCCC1=O,18.9,8.7,4.8,21.35275158
CC(=O)N1CCOCC1,18.3,5.3,7.8,20.58688903
CC(=O)N1CCCCC1,18.5,10,6.5,22.0113607
CC(=O)N1CCCC1=O,17.8,13.1,8.3,23.60804947
CC(=O)Oc1ccccc1C(=O)O,19,6.6,9.3,22.15964801
CC(=O)c1cccs1,19.1,12.2,9.3,24.497755
CCOC(=O)CC(CC(=O)OCC)(OC(C)=O)C(=O)OCC,16.6,3.5,8.6,19.02025236
CC(=O)CC(C)=O,16.1,11.2,6.2,20.56915166
CC(=O)Br,16.7,10.6,5.2,20.45213925
CC(=O)Cl,16.2,11.2,5.8,20.53095224
C#C,14.4,4.2,11.9,19.14706244
CC(=O)F,14.7,14,5.7,21.0850658
c1ccc2nc3ccccc3cc2c1,21.7,5.9,2,22.57653649
C=CC=O,15,7.2,7.8,18.3760714
C=CC(N)=O,15.8,12.1,12.8,23.66199484
C=CC(=O)O,17.7,6.4,14.9,24.00541606
C=CC#N,16,12.8,6.8,21.58888603
C=CC(=O)Cl,16.2,11.6,5.4,20.64364309
O=C(O)CCCCC(=O)O,17.1,9,14.6,24.21920725
CNCC(O)c1ccc(O)c(O)c1,20.5,8.7,19.9,29.86553197
O=C(CCl)c1ccccc1,20,9.6,5.7,22.90523958
C=CCOC(C)=O,15.7,4.5,8,18.18625855
C=CCCC(=O)O,16.7,4.7,11.3,20.70434737
C=CCOC(=O)CC(C)=O,15.9,6.9,8.6,19.34890178
C=CCCC#N,16.3,11.2,5,20.39926469
C=CCO,16.2,10.8,16.8,25.71614279
C=CCN,15.5,5.7,10.6,19.62396494
C=CCBr,16.5,7.3,4.9,18.69625631
C=CCCl,17,6.2,2.3,18.24088814
C=CCC#N,16,14.3,5.6,22.17769149
C=CCOCC,15,4.8,5.1,16.55445559
C=CCF,14.9,6.4,1,16.2471536
C=CCOC=O,15.7,5.4,8.8,18.79068918
C=CCI,17.4,6.4,3.3,18.83109131
[C-]#[N+]CC=C,16.1,13,5.4,21.38621051
C=CCOC(C)C,15,4.1,7.1,17.09444354
C=CCN=C=S,17,11.3,8.5,22.1119877
C=CCS,16.4,6.2,7.9,19.23044461
C=CCOC(=O)C(=C)C,15.2,4.1,7.5,17.43846324
C=CCOC,15,4.3,5.9,16.68232598
CC(C)(N)CO,17.2,22.5,23.3,36.67396897
NC1(C(=O)O)CC1,17,6.3,13.6,22.66384786
Nc1ccccn1,20.4,8.1,12.2,25.11194935
Nc1ccncc1,20.4,16.1,12.9,29.01344516
N,13.7,15.7,17.8,27.40474411
CC(N)Cc1ccccc1,17.5,4.3,6.3,19.09004976
CCCCCOC(C)=O,15.8,3.3,6.1,17.25514416
CC=Cc1ccc(OC)cc1,19,4.3,8.7,21.33494786
Nc1ccccc1,19.4,5.1,10.2,22.50355527
COc1ccccc1C=O,19.4,11.9,8.3,24.2251935
COc1ccccc1N,19.5,5.4,11.4,23.22434068
COc1ccc(N)cc1,19.9,6.5,11.3,23.78970366
COc1ccccc1,17.8,4.1,6.7,19.45610444
O=C1c2ccccc2C(=O)c2ccccc21,20.3,7.6,4.8,22.2011261
O=C1OC(C(O)CO)C(O)=C1O,18,12.6,27.6,35.27775503
CCN=[N+]=[N-],15.9,8.9,12.9,22.32554591
C=CCN=[N+]=[N-],16.8,7.7,13.4,22.82739582
ClC(Cl)c1ccccc1,19.9,6.6,2.4,21.10284341
O=Cc1ccccc1,19.4,7.4,5.3,21.42918571
NC(=O)c1ccccc1,21.2,14.7,11.2,28.12418888
c1ccccc1,18.4,0,2,18.50837648
Oc1cccc(O)c1,18,8.4,21,28.90605473
c1ccc2[nH]cnc2c1,20.6,14.9,11,27.70144401
c1ccc2oncc2c1,20.6,11.5,8.8,25.18034948
c1ccc2occc2c1,18.7,5.1,5.7,20.20371253
O=C(O)c1ccccc1,18.2,6.9,9.8,21.791971
O=C(c1ccccc1)C(O)c1ccccc1,19.9,9.7,10.7,24.5884119
N#Cc1ccccc1,17.4,9,3.3,19.86579976
O=C(c1ccccc1)c1ccccc1,19.6,8.6,5.7,22.14971783
c1ccc2scnc2c1,20.6,5.2,8.4,22.84644392
c1ccc2n[nH]nc2c1,18.7,15.6,12.4,27.32782465
ClC(Cl)(Cl)c1ccccc1,20.2,6.6,3.2,21.490463
O=C(Cl)c1ccccc1,20.7,8.2,4.5,22.71519315
CC(=O)OCc1ccccc1,18.3,5.7,6,20.08432224
OCc1ccccc1,18.4,6.3,13.7,23.78949348
NCc1ccccc1,19.2,4.6,11.7,22.94972767
O=C(OCc1ccccc1)c1ccccc1,20,5.1,5.2,21.28497122
CCCCOC(=O)c1ccccc1C(=O)OCc1ccccc1,19,11.2,3.1,22.27217996
ClCc1ccccc1,18.8,7.1,2.6,20.26351401
C=C(C)C(=O)OCc1ccccc1,16.8,4.1,4.1,17.77245059
O=C1CCCN1Cc1ccccc1,18.2,6.1,5.6,19.99524944
CCOCc1ccccc1,18.4,3.8,3.8,19.16872453
C1CCC(C2CCCCC2)CC1,18.6,0,0,18.6
c1ccc(-c2ccccc2)cc1,19.7,1,2,19.82649742
NC(=O)NC(N)=O,20,14.6,18.8,31.09019138
B.[C-]#[O+],17,10.2,6.9,20.99166501
ClB(Cl)Cl,16.6,2.5,0,16.7871975
BrBr,18.2,2.1,0,18.32075326
C=C(Br)CO,17.1,9.9,16.2,25.55112522
C=C(C)Br,16.1,6,4.9,17.86672886
CC=CBr,16.3,6.4,5,18.21126025
C=CCCBr,16.5,6,4.5,18.12456896
C=C=CCBr,17,6.5,4.7,18.79734024
O=[N+]([O-])c1ccc(Br)cc1C(F)(F)F,20,6,4.9,21.44784371
CCOc1ccc(Br)cc1,19.5,7.7,5.3,21.62475433
C#CBr,15.7,9.9,5.6,19.38710912
COc1ccccc1Br,19.8,8.4,6.7,22.5275387
Brc1ccccc1,20.5,5.5,4.1,21.61735414
N#Cc1ccc(Br)cc1,20.4,9.3,5.8,23.157936
O=C(Cl)c1ccc(Br)cc1,20.2,6.5,5.5,21.92122259
CCC(C)Br,16.3,7.7,4.4,18.55640051
Clc1ccccc1Br,20.3,7.7,4.6,22.19324221
ClCBr,17.3,5.7,3.5,18.54804572
C=CBr,16.1,6.3,2.3,17.44104355
BrC(Br)Br,21.4,4.1,6.1,22.62697505
COCBr,16.9,8.5,7,20.17077093
Brc1cccc2ccccc12,20.3,3.1,4.1,20.94063036
O=[N+]([O-])c1ccc(Br)cc1,20.9,9.9,5.9,23.86692272
C=CC(=C)Br,16.9,6.4,4.7,18.67243958
CCCBr,16.4,7.9,4.8,18.8257802
CC(C)Br,16.1,8.3,4.7,18.71336421
C#CCBr,18.1,6.5,5.3,19.94868417
C=Cc1ccccc1Br,19.5,5.2,5.3,20.86576143
Brc1cccs1,20.1,5.2,4.6,21.26522984
Cc1ccccc1Br,19.3,5,4.2,20.37473926
Cc1ccc(Br)cc1,19.3,6.8,4.1,20.86959511
ClC(Cl)(Cl)Br,18.3,0.8,0,18.31747799
FC(F)(F)Br,9.6,2.4,0,9.895453501
C=C=CC,14.7,1.7,6.2,16.04431363
C=CC=C,14.8,2.8,5.6,16.06984754
C=CC=CCl,15.6,8.5,2,17.87763967
C=C=CCO,16.2,6.6,16.8,24.25365952
C=CC(Cl)=CCl,17,10.7,2.8,20.28127215
C=CC=CC#N,16.2,11.7,5.2,20.64872877
C1OC1C1CO1,18.3,14.4,6.2,24.09751024
CC(=O)C(C)=O,15.7,5.1,6.8,17.85329101
C=CC(=O)OCCCCOC(=O)C=C,16.8,9.1,4.2,19.56246406
CCCC,14.1,0,0,14.1
CC(O)CCO,16.6,10,21.5,28.94494775
OCCCCO,16.6,15.3,21.7,31.31357533
CCCCS,16.3,5.3,4.5,17.72089163
CCCCO,16,5.7,15.8,23.19762919
CCC(C)O,15.8,5.7,14.5,22.18963722
C=CCC,13.2,1.3,3.9,13.82533906
CC=CC,14.7,1.3,4.1,15.31633115
CC=CC,14.6,0,2.9,14.88522758
C=CCC#N,16.2,14.3,5.6,22.32241026
CC=CCOC,15.2,3.4,5,16.35848404
CC=CCOC,15.3,4.4,4.3,16.49060338
CCCCOCC(O)COCC,15.5,6.5,10.2,19.66062054
CCCCOC(C)=O,15.8,3.7,6.3,17.40746966
CCC(C)OC(C)=O,15,3.7,7.6,17.21772343
CC(=O)OC(C)(C)C,15.4,6.2,6.2,17.72117378
CCCCOC(=O)CC(C)=O,16.6,5.8,7.3,19.03917015
C=CC(=O)OCCCC,15.6,6.2,4.9,17.48742405
CC(C)(C)O,15.2,5.1,14.7,21.75178154
CCCCN,16.2,4.5,8,18.61961331
CCCCN,16,20.3,18.4,31.72774811
CCCCOC(=O)c1ccccc1,18.3,5.6,5.5,19.91230775
CCCCOC(=O)CCC,15.6,2.9,5.6,16.82646725
CCCCC1CCCCC1,16.2,0,0.6,16.2111073
CCCCC1CCCC1,16.4,0,1,16.43045952
CCCCOC=O,15.7,6.5,9.2,19.32304324
CCCCOC(C)C,14.8,5.3,5,16.49636324
CCCCOC(=O)C(C)O,15.8,6.5,10.2,19.89798985
C=C(C)C(=O)OCCCC,15.6,6.4,6.6,18.10745703
CCCCCCC(CO)CCCC,16.1,3.6,9.3,18.93832094
CCCCOC(=O)CC,15.7,5.5,5.9,17.65077902
CCCCOC(=O)c1ccccc1O,17.9,4.8,11.7,21.91666033
CCCCCCCCCCCCCCCCCC(=O)OCCCC,14.5,3.7,3.5,15.36847422
CCCCc1cccc(C)c1,17.4,0.1,1,17.42899882
CCCCc1ccccc1,17.4,0.1,1.1,17.43502223
CC1OC(=O)OC1C,18,16.8,3.1,24.81632527
CCC1CO1,16.3,6.2,5.9,18.41032319
CCCCc1ccccc1C,17.6,0.1,1,17.62866983
CCCCc1ccc(C)cc1,17.4,0.1,1,17.42899882
N#CC#CC#N,15.2,16.2,8,23.61101438
CCCC=O,15.6,10.1,6.2,19.59106939
CCCC(N)=O,16.9,13.7,12.3,24.99179865
CCCC(=O)O,14.9,4.1,10.6,18.73979722
CCCC(=O)OC(=O)CCC,16,6.3,7.7,18.84091293
O=C1CCCO1,19,16.6,7.4,26.29296484
CCCC#N,15.3,12.4,5.1,20.34354935
CCCC(=O)Cl,16.8,9.4,4.8,19.8403629
Cn1c(=O)c2c(ncn2C)n(C)c1=O,19.5,10.1,13,25.51979624
O=C1CCCCCO1,19.7,15,7.4,25.84279397
c1ccc2c(c1)[nH]c1ccccc12,21.7,6.4,6.2,23.45826081
O=C=O,15.7,6.3,5.7,17.85133048
S=C=S,20.5,0,0.6,20.50877861
S=C=S,19.9,5.8,0.6,20.73668247
ClC(Cl)(Cl)Cl,17.8,0,0.6,17.81010949
ClC(Cl)(Cl)Cl,16.1,8.3,0,18.11353085
N#CC(=O)C#N,15,6.3,8,18.12980971
CCCCCCC(O)CC=CCCCCCCCC(=O)OCC(COC(=O)CCCCCCCC=CCC(O)CCCCCC)OC(=O)CCCCCCCC=CCC(O)CCCCCC,15.9,4.6,12,20.44431461
CCCCCCCCCCCCCCCCO,15.1,3.7,8.1,17.53025955
O=CC(Cl)(Cl)Cl,17.2,7.4,7.6,20.20791924
ClCl,17.3,10,0,19.98224212
O=CCCl,16.2,16.1,9,24.54893073
O=C(O)CCl,17.7,10.4,12.3,23.93198696
CC(=O)c1ccc(Cl)cc1,19.6,7.6,4,21.3990654
OCC=CCl,17.2,10.3,16.5,25.96497641
C=C(Cl)CO,17.1,10.2,16.4,25.79554225
C=CC(=O)OCCl,15.9,7.3,8.5,19.45122104
CCCCCCl,16,6.9,1.9,17.52769238
CC(Cl)[N+](=O)[O-],16.8,13.5,4.7,22.05855843
CCC(Cl)[N+](=O)[O-],16.8,13,4.5,21.71382048
OCCCCl,17.5,5.7,14.7,23.55482965
C=C=CCCl,16.6,8,6.7,19.60739656
CC=CCCl,16.2,7.7,2,18.04799158
CCOc1ccccc1Cl,19.2,8.1,4.4,21.29812198
CCc1ccccc1Cl,18.9,4.9,2.2,19.6484096
CC(C)(C)Cl,15.6,7.6,2,17.46768445
C=C(C)CCl,16.2,5.6,2,17.25688268
CC(C)=CCl,16.1,7.1,4.2,18.09032891
Cc1c(Cl)cccc1[N+](=O)[O-],20.3,9.6,3.8,22.77476674
Cc1ccc(Cl)cc1[N+](=O)[O-],19.9,11.8,3.8,23.44546865
CCOc1ccc(Cl)cc1,19.3,6.3,4.4,20.77354086
Cc1ccc(N)c(Cl)c1,19.7,7.4,8.9,22.84863234
Cc1ccc(Cl)c(O)c1,19,7.7,13.1,24.32899505
NC(=O)CCl,17.6,12.4,12.8,25.04715553
CC(=O)CCl,16.8,9.6,5.5,20.1159141
N#CCCl,17.4,13.6,2,22.17476043
O=C(Cl)CCl,17.5,9.2,5.5,20.52169584
C#CCl,16.2,2.1,2.5,16.5257375
C=C(Cl)C(OC(C)=O)OC(C)=O,16.7,7.3,8.8,20.23907112
Nc1cccc(Cl)c1,20.6,9.9,9.8,24.86785073
COc1ccc(Cl)cc1,19.6,7.8,6.7,22.13345883
O=Cc1ccc(Cl)cc1,19.9,7.2,5.6,21.89086567
Clc1ccccc1,19,4.3,2,19.5829007
N#Cc1ccc(Cl)cc1,19.5,8,4.1,21.47230775
Clc1ccc(C(Cl)(Cl)Cl)cc1,20.3,5.5,3.5,21.32111629
O=C(Cl)c1ccc(Cl)cc1,19.9,6.7,5.1,21.60810033
OCc1ccc(Cl)cc1,19.6,7.5,13,24.68623098
ClCc1cccc(Cl)c1,19.9,9.3,2.6,22.11922241
CCCCCl,16.2,5.5,2,17.22469158
CCC(C)Cl,15.8,7.6,2,17.6465294
O=C1CCCCC1Cl,18.5,13,5.1,23.17886969
ClC1CC1,17.6,7.2,2.2,19.1426226
FC(F)Cl,12.3,6.3,5.7,14.948913
CN(C)Cl,16,7.8,7.9,19.47434209
CC(=O)OCCCl,16.7,9.6,8.8,21.17758249
ClCCc1ccccc1,19.3,6.3,2.2,20.42106755
CCOCCCl,16.3,7.9,4.6,18.68849914
CCSCCCl,17.2,5,6.1,18.92220917
Fc1ccccc1Cl,19.4,8.7,2,21.3553272
ClC(Cl)Cl,17.8,3.1,5.7,18.94571192
CCCCCCCl,16.1,6.2,1.7,17.33608952
ClCOCCl,17.2,4.9,6.6,19.06331556
ClCSCCl,16.6,6.4,2,17.90307236
Clc1cccc2ccccc12,19.9,4.9,2.5,20.64630718
O=[N+]([O-])c1ccc(Cl)cc1,20.4,9.6,4.2,22.93381782
O=[N+]([O-])CCl,17.4,13.5,5.5,22.6993392
Oc1ccccc1Cl,20.3,5.5,13.9,25.21011702
O=[N+]([O-])C(Cl)(Cl)Cl,17.6,6.8,7,20.1246118
C=CC(=C)Cl,16.1,5.4,2.1,17.11081529
C=C(Cl)C=O,17.1,12.9,8.1,22.90043668
CC=CCl,15.3,6.9,2.2,16.92749243
O=CCCCl,17,13.3,8.2,23.08960805
N#CCCCl,17.3,15.9,6.1,24.27570802
C#CCCl,16.7,7.4,2.3,18.41032319
C=Cc1ccc(Cl)cc1,18.7,4.3,3.9,19.58034729
C=Cc1ccccc1Cl,18.7,4.7,3.9,19.67206141
Clc1cccs1,19.2,6.2,8,21.70437744
Sc1ccc(Cl)cc1,20.8,8.6,10.6,24.87890673
Sc1ccccc1Cl,20.2,7,10,23.60169485
Cc1ccc(Cl)cc1,19.1,6.2,2.6,20.24870366
O=CC=Cc1ccccc1,19.4,12.4,6.2,23.84449622
O=C(O)C=Cc1ccccc1,19.1,3.9,10.6,22.18963722
OCC=Cc1ccccc1,19.1,6,13,23.87069333
CC12CCC(CC1)C(C)(C)O2,16.7,4.6,3.4,17.65247858
CC1=CC(=O)OC1=O,19.2,17,11.2,27.98356661
COc1cc(C=CCO)ccc1O,19,7,16.3,25.99403778
O=c1ccc2ccccc2o1,20,12.5,6.7,24.51815654
OCC=Cc1ccc(O)cc1,19.1,7,17.3,26.70393229
Cc1cccc(O)c1,18,5.1,12.9,22.72487624
CC=CC=O,16.2,14.9,7.4,23.22089576
CC=CC(=O)O,16.8,8.7,12,22.40379432
O=C1C=CCO1,19,19.8,9.6,29.07232361
CC=CC#N,16.4,18.8,5.5,25.54701548
N#CN,15.5,27.6,16.8,35.83643397
N#CC#N,15.1,11.8,0,19.1637679
N#CBr,18.3,15.2,0,23.7892833
N#CCl,15.6,14.5,0,21.29812198
O=C1CCC1,18.3,11.4,5.2,22.17859328
O=C1CCCCCCCCC1,16.8,8,4.1,19.053871
O=C1CCCCCC1,17.2,10.6,4.8,20.76631888
C1CCCCC1,16.8,0,0.2,16.80119043
OC1CCCCC1O,17.4,9.8,18.3,27.08671261
O=C1CCCCC1=O,18.6,10.3,8,22.71673392
OC1CCCCC1,17.4,4.1,13.5,22.40133925
O=C1CCCCC1,17.8,6.3,5.1,19.55862981
C1=CCCCC1,17.2,1,5,17.93989967
CC1CC(C)C(=O)C(C(O)CC2CC(=O)NC(=O)C2)C1,18.3,11,13.8,25.42302106
c1ccc(C2CCCCC2)cc1,18.7,0,1,18.72671888
O=C1CCCN1C1CCCCC1,18.2,6.8,6.5,20.48731315
NC1CCCCC1,17.2,3.1,6.5,18.64671553
ClC1CCCCC1,17.3,5.5,2,18.26307751
O=C1CCCCCCC1,17,9.6,4.5,20.03521899
C1=CCC=C1,17.2,1.9,6.1,18.34829692
C1CCCC1,16.4,0,1.8,16.49848478
O=C1CCCC1,17.9,11.9,5.2,22.11470099
C1=CCCC1,16.7,3.8,1.7,17.21104297
OC1C=CCC1,18.1,7.6,15.6,25.07448903
C1=CC1,17.2,2.4,2,17.48141871
C1CC1,17.6,0,0,17.6
CC(=O)C1CC1,17,11.1,4.6,20.81754068
N#CC1CC1,18.6,16.2,5.7,25.31580534
CC12CCC(CC1=O)C2(C)C,17.8,9.4,4.7,20.67099417
Clc1ccc(C(c2ccc(Cl)cc2)C(Cl)(Cl)Cl)cc1,20,5.5,3.1,20.97283958
C1CCC2CCCCC2C1,18.8,0,0,18.8
C1CCC2CCCCC2C1,18,0,0,18
CCCCCCCCCC,15.7,0,0,15.7
CCCCCCCCCCO,16,4.7,10,19.44453651
CCCCCCCCC(C)O,15.8,3.9,10,19.10104709
C=CCCCCCCCC,15.8,1,2.2,15.98374174
CCCCOC(=O)C=CC(=O)OCCCC,16.7,3,6.7,18.24225863
Cc1ccc(S(=O)c2ccc(C)cc2)cc1,20.3,11.4,3.1,23.48744345
ClCCOCCCl,18.8,9,5.7,21.60856312
CCCCC(CC)CNCC(CC)CCCC,15.6,0.8,3.2,15.94490514
CC(C)CC(O)CC(C)C,14.9,3.1,10.8,18.66172554
CC(C)CC(=O)CC(C)C,16,3.7,4.1,16.92631088
CCC(C)S(=O)C(C)CC,16.3,10.5,6.1,20.32609161
CC(C)CCCCCCCOC(=O)c1ccccc1C(=O)OCCCCCCCC(C)C,16.6,6.2,2.6,17.90977387
CC(C)CCCCCCOC(=O)c1ccccc1C(=O)OCCCCCCC(C)C,16.6,6.6,2.9,18.09778992
CC(C)OP(C)(=O)OC(C)C,16.4,10,5.7,20.03621721
CC(C)OP(=O)(F)OC(C)C,15.7,10.2,5.9,19.63007896
CCCCOCCCC,15.2,3.4,4.2,16.13195586
CCCCS(=O)CCCC,16.4,10.5,6.1,20.40637155
CCCCCOCCCCC,15.6,3.1,3,16.18548733
CCCOCCC,15.1,4.2,3.7,16.10403676
CCCS(=O)CCC,17,13,7.4,22.64420456
CC(=O)CC(C)(C)O,15.8,8.2,10.8,20.8211431
C=CCNCC=C,15.6,4.5,6.7,17.56416807
C=CCOCC=C,15.3,4.4,5.3,16.77915373
C=[N+]=[N-],14.7,6.1,11.3,19.51896514
COC(=O)CCC(=O)OC,16.2,4.7,8.4,18.84383188
c1ccc(COCc2ccccc2)cc1,19.6,3.4,5.2,20.56112837
O=C(CCCCCCCCC(=O)OCc1ccccc1)OCc1ccccc1,17.8,2.2,5.5,18.75979744
BrCBr,17.8,6.4,7,20.16928358
Brc1ccccc1Br,20.7,6.5,5.3,22.33450246
CC(Br)Br,18.5,8.4,8.8,22.14158983
BrC=CBr,18,4.9,3,18.89470825
CCCCNCCCC,15,3,4.3,15.88993392
CCCCN(C=O)CCCC,15.5,8.9,6.2,18.91824516
CCCCC(=O)CCCC,16,7.7,4.4,18.29344145
CCCCOC(=O)C=CC(=O)OCCCC,16.5,6.1,7.2,19.0078931
CCCCOC(=O)c1ccccc1C(=O)OCCCC,17.8,8.6,4.1,20.18935363
CCCCOC(=O)CCCCCCCCC(=O)OCCCC,16.7,4.5,4.1,17.77498242
ClCCCCl,18.6,8.2,3,20.54750593
CC(Cl)(Cl)[N+](=O)[O-],16.8,12.1,4.3,21.14568514
C=C(Cl)C(=C)Cl,17.1,2.3,2.8,17.47970251
CC(Cl)=CCCl,16.9,7.8,2.7,18.80797703
ClCC=CCCl,17.8,7.6,2,19.45764631
Fc1c(Cl)cccc1Cl,19.4,9.1,2.7,21.59768506
OC(CCl)CCl,17.5,9.9,14.6,24.84793754
O=[N+]([O-])c1ccc(Cl)c(F)c1Cl,19.9,7.2,4.2,21.57521726
O=[N+]([O-])c1cc(C(F)(F)F)c(Cl)cc1Cl,19.9,7.6,3.7,21.6208233
O=CC(Cl)Cl,16.7,9.1,7.5,20.44382547
O=C(O)C(Cl)Cl,18.2,8.1,12.2,23.36000856
CC(=O)C(Cl)Cl,17.1,7.6,5.4,19.47639597
N#CC(Cl)Cl,17.4,9.4,6.4,20.7865341
Nc1ccc(Cl)cc1Cl,20.9,6.2,10,23.98436991
COc1c(Cl)cccc1Cl,19.8,8.4,6.5,22.46886735
O=Cc1ccc(Cl)cc1Cl,19.7,8.8,5.4,22.24162764
Clc1ccccc1Cl,19.2,6.3,3.3,20.47486264
Clc1ccc(Cl)cc1,19.7,5.6,2.7,20.65768622
Clc1cccc(Cl)c1,19.7,5.1,2.7,20.52778605
FC(F)(F)c1cc(Cl)ccc1Cl,20,4.7,2.4,20.68453529
ClCCCCCl,18.3,7.7,2.8,20.0504364
FC(F)(Cl)Cl,12.3,2,0,12.46154084
CC(Cl)Cl,16.5,7.8,3,18.49567517
C=C(Cl)Cl,16.4,5.2,2.4,17.3712406
ClC=CCl,17,8,3.2,19.05885621
ClCCNCCCl,16.8,7.6,7.7,19.98224212
COC(Cl)Cl,17.1,12.9,6.5,22.38459292
FC(Cl)Cl,15.8,3.1,5.7,17.08039812
O=[N+]([O-])c1cccc(Cl)c1Cl,19.7,12.6,4.4,23.79516758
O=[N+]([O-])c1ccc(Cl)c(Cl)c1,20.1,7.2,4.1,21.74074516
O=[N+]([O-])c1ccc(Cl)cc1Cl,20.4,8.7,4.2,22.57188517
ClCCCCCCl,19,7.8,1.5,20.59344556
Oc1cc(Cl)ccc1Cl,20,6.3,12.1,24.20950227
Oc1c(Cl)cccc1Cl,20.1,7.5,10.9,24.06387334
Oc1ccc(Cl)cc1Cl,20,7.2,13.1,24.96898076
N#CCc1ccc(Cl)c(Cl)c1,20.5,10.8,4.4,23.58495283
CCC(Cl)Cl,16.1,7.8,3.5,18.22909762
OCC(Cl)CCl,17.5,9.2,14.6,24.57742867
C=C(Cl)CCl,16.2,7.8,3,18.22854904
CC=C(Cl)Cl,16.9,6.7,2.9,18.40950841
CC(Cl)=CCl,17,8.5,2.9,19.22654415
FC(F)(Cl)C(F)(F)Cl,12.6,1.8,0,12.72792206
Cc1ccc(Cl)c(Cl)c1,19.8,9.8,2.5,22.23353323
CCOC(Cl)=CCl,16.9,10.5,6,20.78124154
OCCNCCO,17.2,10.8,21.2,29.35847407
CCOC(C)OCC,15,3.4,4,15.89213642
CCOC(C)OCC,15.2,5.4,5.3,16.97910481
CCOC1CCC(OCC)O1,16.6,6.4,7.3,19.23044461
CCN(CC)C(C)=O,16.4,11.3,7.5,21.28144732
CCNCC,14.9,2.3,6.1,16.2637634
CCNCC,16,20.3,18.4,31.72774811
CCc1ccc(CC)cc1,18,0,0.6,18.00999722
CCc1ccccc1CC,17.7,0.1,1,17.72850812
CCOC(=O)OCC,15.1,6.3,3.5,16.73170643
CCN(CC)CCO,16,20.3,18.4,31.72774811
CCOCC,14.5,2.9,5.1,15.64193083
CCN(C=O)CC,16.4,11.4,9.2,21.98999773
CCC(=O)CC,15.8,7.6,4.7,18.15185941
CCOC(=O)CC(=O)OCC,16.1,7.7,8.3,19.68222548
CCOC(=O)C(=O)OCC,16.2,8,8.8,20.09676591
CCOC(=O)c1ccccc1C(=O)OCC,17.6,9.6,4.5,20.5467759
CCOS(=O)(=O)OCC,15.7,14.7,7.1,22.64928255
CCSCC,16.8,3.1,2,17.2002907
CCN(CC)CCO,14.9,5.8,12,19.99124809
CCSSCC,16.7,6.7,5.7,18.87511589
OCCOCCO,16.6,12,20.7,29.12129805
CCCCOCCOCCOC(C)=O,16,4.1,8.2,18.44044468
CCOCCOCCOCC,15.8,5.9,5.6,17.77104386
C=COCCOCCOC=C,16,7.3,7.9,19.27952282
CCCCCCOCCOCCO,16,6,10,19.79898987
CCCCOCCOCCO,16,7,10.6,20.42939059
CCOCCOCCO,16.1,9.2,12.2,22.19662136
CCOCCOCCOC(C)=O,16.2,5.1,9.2,19.31553779
COCCOCCO,16.2,7.8,12.6,21.95540936
CCCOCCOCCO,16,7.2,11.3,20.86935552
NCCNCCN,16.7,13.3,14.3,25.69571949
Fc1ccccc1F,18,9,1,20.14944168
N#Cc1c(F)cccc1F,18.8,11.2,3.2,22.11605751
N#Cc1cc(F)cc(F)c1,18.8,11.2,3.2,22.11605751
CC(F)F,14.9,10.2,3,18.30437106
C=C(F)F,15,6.8,3.6,16.85823241
O=[N+]([O-])c1ccc(F)cc1F,19.4,11,3.7,22.60641502
CCCCCCOCCCCCC,16,3,2.8,16.51786911
CCCCCCOC(=O)c1ccccc1C(=O)OCCCCCC,17,7.6,3.6,18.96628588
C1=COCCC1,17.5,5.5,5.7,19.20911242
Oc1ccc(O)cc1,21,10.2,27.2,35.84522283
Oc1ccccc1O,20,11.3,21.8,31.66907008
CC(C)COC(=O)CCCCC(=O)OCC(C)C,16.7,2.5,6.2,17.98832955
CC(C)NC(C)C,14.8,1.7,3.5,15.30294089
C=C1CC(=O)O1,16.2,15.1,8.1,23.58092449
COCCC(C)OC,15.6,5.5,5.2,17.33926181
COC(C)OC,15.1,4.9,4.9,16.6141506
COc1cccc(OC)c1O,19.3,7.6,13.7,24.85839898
COc1ccccc1OC,19.2,4.4,9.4,21.82567296
COC1CCC(OC)O1,16.8,7.2,8.2,20.03297282
CC(=O)N(C)C,16.8,11.5,10.2,22.77125381
CC#CC,15.1,3.4,7.6,17.24325955
CNC,15.3,4.8,11.2,19.55939672
COC(=O)OC,15.5,3.9,9.7,18.69625631
COCCOC,15.4,6,6,17.58294628
CC(=O)C(C)=O,15.7,5.3,11.7,20.28472332
CN(C)CCO,16.1,9.2,15.3,24.04038269
CN(C)CCO,16.8,19.8,19.8,32.65455558
CN(C)CCO,17.2,21.5,22.5,35.55755897
CN(C)CCO,17.2,18.8,17.6,30.96837096
CN(C)CCO,17.2,21.5,22.5,35.55755897
CN(C)CCO,17.2,21.5,22.5,35.55755897
COC,15.2,6.1,5.7,17.34185688
CN(C)C=O,17.4,13.7,11.3,24.86242144
CN(C)N,15.3,5.9,11,19.74588565
COC(=O)C=CC(=O)OC,16.3,8.3,9.8,20.7513855
COP(C)(=O)OC,16.7,13.1,7.5,22.51110837
Cc1cccc(C)c1O,19.1,4.9,12.9,23.56331895
Cc1ccc(O)cc1C,19.2,6,13.4,24.17022962
COC(=O)c1ccccc1C(=O)OC,18.6,10.8,4.9,22.05923843
Cc1ccc(C)[nH]1,18.3,7.6,6.8,20.94970167
COC(=O)CCCCCCCCC(=O)OC,16.6,2.9,6.7,18.13449751
COS(=O)(=O)OC,17.7,17,9.7,26.38901287
CS(C)(=O)=O,19,19.4,12.3,29.81023314
CS(C)=O,18.4,16.4,10.2,26.67508201
C=C(C)C(C)C,14.9,1.2,2.8,15.20822146
CC(C)(C)CO,15.6,6.5,13.5,21.63007166
Cc1ccc(N)c(C)c1,19.2,5.2,8.7,21.71105709
O=[N+]([O-])c1cc(O)cc([N+](=O)[O-])c1,19.5,12.9,14.4,27.45942461
O=[N+]([O-])c1ccccc1[N+](=O)[O-],20.6,22.7,5.4,31.12571284
O=[N+]([O-])c1ccc(O)cc1[N+](=O)[O-],19.5,12.8,14.3,27.36019006
Cc1ccc([N+](=O)[O-])cc1[N+](=O)[O-],20,13.1,4.9,24.40532729
CCCCCCCCOC(=O)CCCCC(=O)OCCCCCCCC,16.7,2,5.1,17.5755512
CCCCCCCCOC(=O)c1ccccc1C(=O)OCCCCCCCC,16.6,7,3.1,18.28031728
C1COCCO1,19,1.8,7.4,20.46948949
C1COCO1,18.1,6.6,9.3,21.39298951
C=C(C)C1CC=C(C)CC1,17.2,1.8,4.3,17.82049382
C(#Cc1ccccc1)c1ccccc1,20.1,0,3.2,20.35313244
c1ccc(Oc2ccccc2)cc1,19.5,3.4,5.8,20.62643934
O=S(=O)(c1ccccc1)c1ccccc1,21.1,14.4,3.4,25.77071982
c1ccc(Nc2ccccc2)cc1,20,3.3,5.9,21.11160818
c1ccc(Cc2ccccc2)cc1,19.5,1,1,19.5512148
CCCNCCC,15.3,1.4,4.1,15.90157225
CCCC(=O)CCC,15.8,5.7,4.9,17.49685686
COC(C)COC(C)CO,15.5,5.7,11.2,19.95444813
COCC(C)OCC(C)OC(C)=O,16.3,4.9,8,18.80691362
CSSC,17.3,7.8,6.5,20.05941176
CCCCCCCCCCCCCOC(=O)c1ccccc1C(=O)OCCCCCCCCCCCCC,16.6,5.4,1.9,17.55932801
C=Cc1ccc(C=C)cc1,18.6,1,7,19.89874368
CCCCCCCCCCCC,16,0,0,16
CCCCCCCCCCCCO,16,4,9.3,18.93383215
NCCc1ccc(O)c(O)c1,18.2,10.3,19.5,28.59335587
CNC(C)Cc1ccc2c(c1)OCO2,18,5.1,6.1,19.67790639
CCCCCCCCCCCCCCCCCCCC,16.5,0,0,16.5
ClCC1CO1,18.9,7.6,6.6,21.41331362
CCC1CO1,15.6,8,4.6,18.12512069
C=CC1CO1,16.6,7.7,7.4,19.73854098
O=C1CCCCCN1,19.4,13.8,3.9,24.12488342
SCCS,17.9,7.2,8.7,21.16459307
CCS(=O)(=O)Cl,17.7,14.9,6.8,24.11514047
CCS,15.7,6.5,7.1,18.41602563
CCO,15.8,8.8,19.4,26.52244333
NCCO,17,15.5,21.2,31.28402148
NCCO,17.2,20.3,18.4,32.34949768
CCOC(C)=O,15.8,5.3,7.2,18.15406291
CCOC(=O)CC(C)=O,16.5,10.8,8.3,21.39579398
C#CCC,15.1,3.4,5,16.26560789
C=CC(=O)OCC,15.5,7.1,5.5,17.91396104
CCN,15,5.6,10.7,19.25746608
CCCCCC(=O)CC,16.2,4.5,4.1,17.3060683
CCc1ccccc1,17.8,0.6,1.4,17.86504968
CCOC(=O)c1ccccc1,17.9,6.2,6,19.8708329
CCBr,16.5,8.4,2.3,18.65743819
CCCCC(=O)CC,16.2,5,4.1,17.44276354
CCCC(=O)OCC,15.5,5.6,5,17.22236918
CCCCCC(=O)OCC,15.5,3.2,5.9,16.89082591
CCOC(N)=O,16.8,10.1,13,23.52126697
C#[N+]CC,15.6,15.2,5.8,22.53974268
CCCl,15.7,6.1,2.9,17.09122582
CCOC(=O)Cl,15.5,10,6.7,19.62498408
CCOC(=O)C=Cc1ccccc1,18.4,8.2,4.1,20.55748039
CC=C(C=O)CC,16.1,8,5.5,18.80053191
CCOC(=O)CC#N,16.7,7.9,8.3,20.2531479
C=C(C#N)C(=O)OCC,15.2,10.3,9,20.44822731
C#COCC,15.4,7.9,5.9,18.28606026
CCNC=O,17.2,10,14,24.32776192
CCOC=O,15.5,8.4,8.4,19.52869683
CCCCC(CC)COC(C)=O,15.8,2.9,5.1,16.85407962
CCOCl,15.7,8.6,6.5,19.0446843
CCI,17.3,7.9,7.2,20.33568292
CCN=C=O,15.4,12,2.5,19.68273355
CCOC(C)C,14.8,3.5,5.1,16.04057356
CCN=C=S,17.2,14.7,9,24.350154
CCOC(=O)C(C)O,16,7.6,12.5,21.67971402
C=C(C)C(=O)OCC,15.8,7.2,7.5,18.91375161
CCN1CCOCC1,17.7,5,6.6,19.54098258
CCCCCCCCC=CCCCCCCCC(=O)OCC,14.5,3.8,3.7,15.43955958
CCc1ccc(O)cc1,19.2,5.3,12.8,23.67635952
CCOC(=O)CC,15.5,6.1,4.9,17.36289146
CCSC#N,15.4,13.4,5.4,21.11587081
C=C(CC)OCC,15.3,4.2,4.6,16.51938256
C=COCC,14.9,4.9,5.6,16.65472906
C=CC(=O)CC,15.8,11.3,4.5,19.93940822
CCC(CC)CO,15.8,4.3,13.5,21.22215823
C=C(CC)CC,14.9,1.7,3.5,15.39967532
CC#COCC,15.9,6.4,5.4,17.9702532
C=CC(=C)CC,15.3,1.6,3.8,15.84581964
CCN1CCCC1=O,18,12,7,22.737634
CCCCC(CC)CO,15.9,3.3,11.8,20.07336544
C=C,15,2,3.8,15.60256389
O=C1OCCO1,19.4,21.7,5.1,29.55097291
OCCCl,16.9,8.8,17.2,25.66885272
N#CCCO,17.2,18.8,17.6,30.96837096
BrCCBr,19.2,3.5,8.6,21.32721266
ClCCCl,19,7.4,4.1,20.79831724
O=[N+]([O-])OCCO[N+](=O)[O-],16.2,13,4.5,21.25299979
OCCO,17,11,26,32.95451411
CCCCOCCOC(C)=O,15.3,4.5,8.8,18.21482912
CCCCOCCOCC,15.3,4.9,4.6,16.71107417
CC(=O)OCCOC(C)=O,16.2,4.7,9.8,19.5082034
CCCCOCCOCCCC,15.7,4.5,4.2,16.8635702
CCOCCOCC,15.4,5.4,5.2,17.12775525
COCCOC,15.4,6.3,6,17.68756625
OCCOCc1ccccc1,17.8,5.9,12.2,22.37163383
C=CC(=O)OCCOCC,15.9,5.1,9.3,19.11308452
CCCCCCOCCO,16,5,11.4,20.27214838
CCCOCCO,16.1,8.7,13.5,22.74093226
CC(C)(C)OCCO,15.3,6.1,10.8,19.69619253
CCCCOCCO,16,5.1,12.3,20.81585934
CCOCCO,16.2,9.2,14.3,23.48552746
CCOCCOC(C)=O,15.9,4.7,10.6,19.67892273
CC(C)COCCO,15.2,4.9,9.6,18.63357185
CC(C)OCCO,16,8.2,13.1,22.24522421
COCCO,16.2,9.2,16.4,24.8201531
COCCOC(C)=O,15.9,5.5,11.6,20.43575298
OCCOc1ccccc1,17,7.2,12.3,22.18400325
CS(=O)(=O)OCCOS(C)(=O)=O,16.9,9.3,9.6,21.54669348
C1CO1,15.6,10,11,21.5490139
C1CS1,19.3,9,6.5,22.26521951
NCCN,16.6,8.8,17,25.33771892
C1CN1,18.6,9.8,7.7,22.38950647
CCCCC(CC)CN,15.7,4.2,6.1,17.35914744
CC=CC(C)=O,16.2,12.1,4.5,20.71472906
C=CCc1ccc(O)c(OC)c1,19,7.5,13,24.21260003
COc1cc(C=CC(=O)O)ccc1O,19,6.6,15.1,25.15094432
c1ccc2c(c1)Cc1ccccc1-2,20,1.7,1.7,20.14398173
O=Cc1cc(F)ccc1Cl,19.4,7.2,3.7,21.0211798
COc1ccc(F)cc1,18.7,7.3,6.7,21.1629393
Fc1ccccc1,18.7,6.1,2,19.77119116
C=CF,15.2,7,1,16.76424767
CF,13.4,10.6,9.5,19.54916878
C=CC(=C)F,14.2,5.8,1,15.37140202
CCC(=O)c1ccc(F)cc1,19.6,7.1,3.5,21.13811723
C=O,12.8,14.4,15.4,24.6649549
NC=O,17.2,26.2,19,36.65078444
O=CO,14.3,11.9,16.6,24.93311052
O=CF,15,10.1,8.6,20.02423532
O=CN1CCCCCC1,18.5,10.4,7.6,22.54262629
O=CN1CCCCC1,18.7,10.6,7.8,22.86678814
N#CC=CC#N,16.7,13.6,7.8,22.90611272
c1ccoc1,17.8,1.8,5.3,18.65931403
O=Cc1ccco1,18.6,14.9,5.1,24.37170491
OCc1ccco1,17.4,7.6,15.1,24.25963726
N#Cc1ccco1,18.4,15,8.2,25.11573212
OCC(O)CO,17.4,12.1,29.3,36.16158182
O=CC1CO1,17.5,13.4,9.8,24.12156711
OCC1CO1,18.2,9,17.9,27.0675082
C=C(C)C(=O)OCC1CO1,16.3,8.5,5.7,19.24655813
O=CC=O,15,17,13.3,26.28478647
CCCCCCC,15.3,0,0,15.3
CCCCCCCO,16,5.3,11.7,20.51779715
CCCCCC(C)O,15.7,5.4,11.7,20.31108072
CCCCC(O)CC,15.9,5.4,11.7,20.46606948
C=CCCCCC,15,1.1,2.6,15.26335481
CCCCCCCOC(C)=O,15.8,2.9,5.5,16.97939928
O=C(C(Cl)(Cl)Cl)C(Cl)(Cl)Cl,18.3,0,0,18.3
Clc1c(Cl)c(Cl)c(Cl)c(Cl)c1Cl,21.9,2.1,0,22.00045454
ClC(Cl)(Cl)C(Cl)(Cl)Cl,22,4.7,0,22.49644416
CCCCCCCCCCCCCCCC,16.3,0,0,16.3
FC(F)=C(F)C(F)=C(F)F,13.8,0,0,13.8
OC(C(F)(F)F)C(F)(F)F,17.2,4.5,14.7,23.06902685
Fc1c(F)c(F)c(F)c(F)c1F,16.9,0,0,16.9
Cc1c(C)c(C)c(C)c(C)c1C,19.2,1.6,0,19.26655133
C1N2CN3CN1CN(C2)C3,19.4,11.6,13.8,26.48320222
CN(C)P(=O)(N(C)C)N(C)C,18.5,8.6,11.3,23.32166375
CCCCCC=O,15.8,8.5,5.4,18.73632835
CCCCCC,14.9,0,0,14.9
CCCCCC(=O)O,15,4.1,9.4,18.17058062
CCCCCCO,15.9,5.8,12.5,21.04043726
C=CCCCC,14.7,1.1,0,14.74109901
CCCCCCOC(C)=O,15.8,2.9,5.9,17.11315284
CC(O)CC(C)(C)O,15.7,8.4,17.8,25.1771722
CC(=O)OCCCCCCOC(C)=O,15.3,4.5,7.2,17.49799989
NN,14.2,8.3,8.9,18.70133685
C#N,12.3,17.6,9,23.28196727
OO,15.5,12.2,42.7,47.0359437
O=Cc1ccc(O)cc1,19.4,15.2,14.5,28.59457991
O=C(O)C=Cc1ccc(O)cc1,19.1,6.7,15.9,25.73926961
OC1CCOC1,18.9,9.4,16.3,26.66945819
C=CC(=O)OCCO,16,13.2,13.4,24.69412886
O=C1CCCN1CCO,18,9.2,15.7,25.59550742
C1=Cc2ccccc2C1,18.7,2.6,9,20.9153054
c1ccc2[nH]ccc2c1,19.8,7.5,6.5,22.14813762
C=C=CCI,17.4,6.3,6.2,19.51640336
Ic1ccccc1,19.5,6,6.1,21.29460025
IC(I)I,20.2,3.6,10.6,23.09458811
C=CC(=C)I,17.2,2.5,6.2,18.45345496
CC(=O)OCCC(C)C,15.3,3.1,7,17.10847743
CC(C)CCO,15.8,5.2,13.3,21.29718291
CCC(=O)OCCC(C)C,15.7,5.2,5.6,17.46109962
CC(=O)OCC(C)C,15.1,3.7,6.3,16.77468331
C=CC(=O)OCC(C)C,15.5,6.2,5,17.42670365
CC(C)CO,15.1,5.7,15.9,22.65634569
CC(C)COC=O,15.5,6.5,6.7,18.09392163
CC(C)COC(=O)C(C)C,15.1,2.9,5.9,16.4690619
CC(C)CS(=O)CC(C)C,16.3,10.5,6.1,20.32609161
C=C(C)C,14.5,2,1.5,14.71393897
CC1(C)CO1,16.1,4.8,5.8,17.77329457
CC(C)C(=O)O,16.5,5.4,11.1,20.60630971
N=C=O,15.8,10.5,13.6,23.34202219
CC(C)CCCCCO,14.4,7.3,12.9,20.66543007
CCC(C)C,13.7,0,0,13.7
CC1=CC(=O)CC(C)(C)C1,16.6,8.2,7.4,19.93890669
C=CC(=C)C,14.7,1.4,4.1,15.32514274
CC(=O)OC(C)C,14.9,4.5,8.2,17.59261209
CC(C)N,14.8,4.4,6.6,16.7916646
CC(C)Cl,15.9,8.3,2.1,18.058516
CC(C)OC(C)C,13.7,3.9,2.3,14.42879066
CCCCCCCCCCCCCCCC(=O)OC(C)C,14.3,3.9,3.7,15.27710706
CC(C)CC=O,14.7,9.5,5,18.20274705
CC(C)CC(=O)O,16.4,4.1,10.7,20.00649894
c1cnoc1,18.8,13.4,11.2,25.66008574
C=C=O,15.4,7.3,5.8,18.00249983
CC(O)C(=O)O,17,8.3,28.4,34.12403845
C=C(C)C(=O)OCCCCCCCCCCCC,14.4,2.2,5.1,15.43405326
O=C1C=CC(=O)O1,20.2,18.1,12.6,29.90668822
N#CCC#N,17.7,18.4,6.7,26.395833
Cc1coc2c1CCC(C)C2,17.2,4.6,5.6,18.66440462
CC1CCC(C(C)C)C(O)C1,16.6,4.7,10.6,20.24870366
CC1CCC(C(C)C)C(=O)C1,17,8.1,4.4,19.33830396
CC(=O)OC1CC(C)CCC1C(C)C,16.8,4.7,4.9,18.12015452
CC(=O)C=C(C)C,16.4,6.1,6.1,18.53051537
Cc1cc(C)cc(C)c1,18,0,0.6,18.00999722
C=C(C)C=O,15.7,11.1,7.4,20.60242704
C=C(C)C(N)=O,15.8,11,11.6,22.47665456
C=C(C)C(=O)O,15.8,2.8,10.2,19.01367929
C=C(C)C#N,15.8,15.1,5.4,22.512441
CO,15.1,12.3,22.3,29.60726262
COc1ccc(C(C)=O)cc1,18.9,11.2,7,23.05753673
COc1ccc(C#N)cc1,19.4,16.7,5.4,26.16123086
COC(C)CCO,15.3,5.4,13.6,21.17097069
C=CC=COC,15.5,8.3,5.4,18.39293343
COC1OCCO1,17.8,8.4,7.7,21.13504199
COc1ccccc1[N+](=O)[O-],19.6,16.3,5.5,26.07872696
COc1ccccc1O,18,8.2,13.3,23.83547776
COCCC#N,16.6,14.4,7.8,23.31866205
COCCCN,17.2,22.5,23.5,36.80135867
CC=CC(=O)O,16.8,5.2,12.4,21.51836425
CC=COC,15,4.3,5.7,16.61264579
CNC(C)=O,16.9,18.7,13.9,28.78384964
COC(C)=O,15.5,7.2,7.6,18.70427759
COC(=O)CC(C)=O,16.4,8.6,8.9,20.54580249
C#CC,15.1,3.8,9.2,18.08562965
C=CC(=O)OC,15.3,6.7,9.4,19.16611593
CC=CCO,16,6,15.5,23.07054399
C=CC(C)C#N,16.4,11.3,5.1,20.55869646
CN,13,7.3,17.3,22.83812602
CC(=O)OC(C)CC(C)C,15.2,3.1,6.8,16.93782749
COC(=O)c1ccccc1,18.9,8.2,4.7,21.13149308
CBr,17,8.8,2.6,19.31838503
CCCCC(C)=O,15.3,6.1,4.1,16.97380335
CCl,15.3,6.1,3.9,16.92660628
COC(=O)Cl,16.3,9.5,8.5,20.69275235
COC(=O)CC#N,16.8,14.8,9.1,24.16795399
CC1CCCCC1,16,0,1,16.03121954
CC1(O)CCCCC1,17.1,6.4,12.5,22.12735863
CC1CCCC(O)C1,17.2,6.4,12.5,22.20472923
CC1CCC(O)CC1,17.2,6.3,12.5,22.17611328
CC1CCCCC1O,17.1,6.5,12.5,22.15648889
CC1CCCC(=O)C1,17.7,6.3,4.7,19.36672404
CC1CCCCC1=O,17.6,6.3,4.7,19.27537289
CCOC,14.7,4.9,6.2,16.68951767
CCC(C)=O,16,9,5.1,19.05282131
CCC(C)=NO,14.7,4.9,7.8,17.34762232
CNC=O,17.4,18.8,15.9,30.1497927
COC=O,15.3,8.4,10.2,20.21608271
Cc1ccco1,17.3,2.8,7.4,19.02340663
COC(=O)c1ccco1,17.4,6.9,9.7,21.08222
CC(=O)C=O,15.5,16.1,9.7,24.3628816
CNN,16.2,8.7,14.8,23.60444873
COO,15,15,30,36.74234614
Cn1ccnc1,19.7,15.6,11.2,27.5116339
CI,17.5,7.7,5.3,19.84011089
CC(=O)CCC(C)C,16,5.7,4.1,17.47283606
CC(C)CC(C)O,15.4,3.3,12.3,19.98349319
CC(=O)CC(C)C,15.3,6.1,4.1,16.97380335
CN=C=O,15.6,7.3,2.5,17.40402252
CC(=O)C(C)C,15.9,12.1,4.5,20.48096677
CN=C=S,17.3,16.2,10.1,25.76315198
Cc1ccon1,19.4,14.8,11.8,27.10424321
CS,16.6,7.7,8.6,20.21905042
C=C(C)C(=O)OC,15.8,6.5,5.4,17.91786818
C[N+]1([O-])CCOCC1,19,16.1,10.2,26.91189328
CCCCCC(C)=O,16.2,5.7,4.1,17.6561604
CCCC(C)=O,16,7.6,4.7,18.32621074
Cc1cccc2ccccc12,20.6,0.8,4.7,21.14450283
CO[N+](=O)[O-],15.8,14,4.8,21.64901845
CCCCCCCCC=CCCCCCCCC(=O)OC,14.5,3.9,3.7,15.46447542
CSc1ccccc1,19.6,4.8,4.7,20.71931466
CS(=O)(=O)c1ccccc1,20,16.9,7.8,27.32123716
CP(=O)(F)F,14,14,8.4,21.50720809
CCC(=O)OC,15.5,6.5,7.7,18.48756339
Cc1cnccn1,18.3,12.3,10.5,24.42191639
CN1CCCC1,17,2.8,6.9,18.55936421
COC(=O)c1ccccc1O,18.1,8,13.9,24.18305192
C=Cc1ccccc1C,18.5,2.4,2.4,18.80877455
CC1CCCO1,16.9,5,4.3,18.14111353
CSC#N,17.3,15,6,23.67044571
CSC#N,17.4,15,8.7,24.56521932
C=COC,14.9,5.3,6.3,17.02321944
C=CC(C)=O,15.6,12.5,5,20.60606707
C=C(C)OC,14.8,4.2,5.6,16.37192719
C=CS(C)(=O)=O,16.8,19.6,4.8,26.25718949
CCC(C)CO,16,5.1,14.3,22.056745
C=CC(C)C,14,1.4,3.8,14.57394936
C=C(C)CC,14.2,1.8,2.3,14.49724112
CC=C(Cl)C=O,17.1,10.6,7.3,21.40233632
CCCC(C)CO,15.8,4.9,13.5,21.35181491
CC(C)CO,15.1,5.7,15.9,22.65634569
C=C=C(C)C,15.1,2.5,4.5,15.95336955
CC1OCCO1,17.3,4.8,5.8,18.86716725
CCC(C)(C)O,15.3,6.1,13.3,21.17049834
CC(C)C(C)O,15.6,5.2,13.4,21.21226061
CC=C(C)C,14.3,2,3.9,14.95660389
CN1CCCC1=O,18,12.3,7.2,22.95931184
COS(=O)(=O)c1ccc(C)cc1,19.6,15.3,3.8,25.1533298
COC(=O)c1ccc(C)cc1,19,6.5,3.8,20.4374656
COC(C)(C)C,14.8,4.3,5,16.20277754
COCOC,15,1.8,8.6,17.3839006
O=C=Nc1ccc(Cc2ccc(N=C=O)cc2)cc1,19.5,4.1,1.7,19.99874996
CNc1ccccc1,19.5,6,11.5,23.42007686
ClCCl,18.2,6.3,6.1,20.2024751
ICI,17.8,3.9,5.5,19.03417978
c1ccc2c(c1)OCO2,19,6.7,5.9,20.99285593
C1COCCN1,18.8,4.9,9.2,21.49627875
C1COCCN1,17.2,20.3,18.4,32.34949768
CCN(CC)C(=S)N(CC)CC,17.3,6,10.5,21.10781846
c1ccc2ccccc2c1,1.8,5.9,181.8,181.9046179
Oc1cccc2ccccc12,19.7,6.3,12.3,24.06387334
CN1CCCC1c1cccnc1,18.5,7.8,6.5,21.10308034
Cc1ccc([N+](=O)[O-])cc1,20.1,9.6,3.9,22.61371265
CC(CO)[N+](=O)[O-],16.1,13.7,15.4,26.15454071
Nc1cccc([N+](=O)[O-])c1,21.2,18.7,10.3,30.08687421
O=[N+]([O-])c1ccccc1,20,8.6,4.1,22.15332932
O=[N+]([O-])c1ccc(Cl)cc1,20,8.8,3.9,22.19572031
CC[N+](=O)[O-],16,15.5,4.5,22.72663635
C=C[N+](=O)[O-],16.3,16.6,5,23.79600807
C[N+](=O)[O-],15.8,18.8,5.1,25.08166661
O=[N+]([O-])c1ccc(O)cc1,20.4,20.9,15.1,32.87826029
CCC[N+](=O)[O-],16.6,12.3,5.5,21.3798971
CC(C)[N+](=O)[O-],16.2,12.1,4.1,20.63152927
O=Nc1ccccc1,20,12.7,4,24.02685997
O=[N+]([O-])c1cccs1,19.7,16.2,8.2,26.79122991
CCCCCCCCC,15.7,0,0,15.7
OCCCCCCCCCO,15.7,7,15.1,22.88012238
CCCCCCCCCO,16,4.8,10.6,19.78383178
C=CCCCCCCC,15.4,1,2.2,15.58845727
CCCCCCCCCc1ccccc1O,16.5,4.1,9.2,19.33132173
CCCCCCCCCCCCCCCCCC,16.4,0,0,16.4
CCCCCCCC,15.5,0,0,15.5
CCCCCCCC(=O)O,15.1,3.3,8.2,17.49685686
CCCCCCCCO,16,5,11.9,20.55748039
CCCCCCC(C)O,16.1,4.9,11,20.1052232
C=CCCCCCC,15.3,1,2.4,15.51934277
CCCCCCCCOC(C)=O,15.8,2.9,5.1,16.85407962
CCCCCCCCC=CCCCCCCCC(=O)O,16,2.8,6.2,17.38620143
CCCCCCCCC=CCCCCCCCCO,14.3,2.6,8,16.59066002
O=C(O)C(=O)O,17,14.3,22,31.26483648
O=C(Cl)C(=O)Cl,16.1,3.8,7.5,18.16314951
C1COC1,18,9.1,5.4,20.87989464
O=[O+][O-],19.8,4.2,0,20.24055335
CC(=O)Nc1ccc(O)cc1,17.8,10.5,13.9,24.90582261
CC1OC(C)OC(C)O1,16.6,7.5,7.3,19.62396494
C[n+]1ccc(-c2cc[n+](C)cc2)cc1,19.5,8.8,5.9,22.19234102
ClC(Cl)C(Cl)(Cl)Cl,18.2,3.2,2.4,18.63437683
ClC1C(Cl)(Cl)C1(Cl)Cl,18.5,10.5,3.7,21.59143349
Oc1c(Cl)c(Cl)c(Cl)c(Cl)c1Cl,21.5,6.9,12.8,25.95573154
C=CC=CC,14.7,2.5,5,15.72704677
O=C(c1ccccc1)c1c(F)c(F)c(F)c(F)c1F,19.3,8.1,5.4,21.61619763
C1CCSCC1,18.5,6.3,8.9,21.47440337
CCCCC=O,15.7,9.4,5.8,19.19609335
CCCCC,14.5,0,0,14.5
CC(=O)CC(C)=O,17.1,9,4.1,19.75398694
CCCCC(=O)O,15,4.1,10.3,18.65207763
CCCCCO,15.9,5.9,13.9,21.92783619
CCCC(C)O,15.6,6.4,13.3,21.47580033
C=CCCC=O,15.5,8.1,6.8,18.76432786
C=CCCC,13.9,1.4,3.8,14.47791421
CCCCCOC(=O)CC,15.8,5.2,5.7,17.58323065
FC(F)(F)C(F)(F)C(F)(F)C(F)(F)C(F)(F)C(F)(F)C(F)(F)F,12,0,0,12
FC(F)(F)C1(F)C(F)(F)C(F)(F)C(F)(F)C(F)(F)C1(F)F,12.4,0,0,12.4
O=C1C(=O)c2ccccc2-c2ccccc21,20.3,17.1,4.8,26.97294941
CCOc1ccccc1,18.4,4.5,4,19.36001033
Oc1ccccc1,18,5.9,14.9,24.10020747
CC(C)(c1ccc(O)cc1)c1ccc(O)cc1,19.2,5.9,13.8,24.36985843
O=S(=O)(c1ccc(O)cc1)c1ccc(O)cc1,20,14.6,16.3,29.64540437
OCCOc1ccccc1,17.8,5.7,14.3,23.53338055
CC(=O)Oc1ccccc1,19.8,5.2,6.4,21.44854307
N#CCc1ccccc1,19.5,12.3,3.8,23.36621493
C#Cc1ccccc1,18.8,2.8,4,19.42369687
OCCc1ccccc1,19,5.8,12.8,23.63218145
NNc1ccccc1,20.4,6.5,14,25.58143858
O=C(Cl)Cl,16.4,5.3,5.3,18.03163886
O=P(O)(O)O,14.7,18.6,26.8,35.78114028
O=P(Cl)(Cl)Cl,18.1,9.3,0,20.34944717
ClP(Cl)Cl,18.4,3.6,0,18.74886663
O=C1OC(=O)c2ccccc21,20.6,20.1,10.1,30.50213107
O=[N+]([O-])c1cc([N+](=O)[O-])c(O)c([N+](=O)[O-])c1,19.2,7,6,21.29882626
C=C(C(C)C)C1(C=O)CCCC1,15.6,16.9,3,23.1941803
C1CNCCN1,18.1,5.6,8,20.56623446
C1CCNCC1,17.6,4.5,8.9,20.22918683
C=C=C,15.3,3,6.8,17.00970311
CCC,13.4,0,0,13.4
O=S1(=O)CCCO1,18.4,16,9,25.99153708
OCCCO,16.8,13.5,23.2,31.66591227
CC(C)S,16.3,6.8,6.5,18.81967056
CCCS,16.1,5.8,5.7,18.03718382
CCCO,16,6.8,17.4,24.59674775
CC(C)O,15.8,6.1,16.4,23.575623
C#CCOC(C)=O,16.3,5.2,8.3,19.01630879
C#CC=O,16.2,11.9,8.7,21.90296784
O=C1CCO1,19.7,18.2,10.3,28.73012356
CCC=O,15.3,11.1,6.9,20.12237561
O=CC1CO1,17.5,13.4,9.8,24.12156711
CCC(N)=O,16.7,9.8,11.5,22.52065718
CCC(=O)O,14.7,5.3,12.4,19.94843352
CCC(=O)OC(=O)CC,16.2,10,8.7,20.93155513
CCC#N,15.3,14.3,5.5,21.65248254
CCC(=O)Cl,16.1,10.3,5.3,19.83406161
CCCOC(C)=O,15.3,4.3,7.6,17.61646957
CCCN,16.9,4.9,8.6,19.58519849
CCCCl,16,7.8,2,17.91200715
CCCOC=O,15.5,7.1,8.6,19.09502553
C=C(C)C(=O)OCCC,15.5,6.3,6.6,17.98610575
CCCO[N+](=O)[O-],15.8,11.3,4.1,19.85295948
C=CC,15.1,1.6,1.5,15.25844029
CC1COC(=O)O1,20,18,4.1,27.21782504
CC(Cl)CO,16.8,9.8,15.3,24.74611081
CC(O)CO,16.8,9.4,23.3,30.22399709
CC(O)COC(C)(C)C,15.3,6.1,10.8,19.69619253
CCOCC(C)O,15.7,6.5,10.5,19.97473404
CC(C)COCC(C)O,15.1,4.7,9.8,18.60483808
CC(C)OCCCO,15.5,6.1,11,19.96146287
COCC(C)O,15.6,6.3,11.6,20.43550831
COCC(C)OC(C)=O,15.6,5.6,9.8,19.25512919
CC(O)COc1ccccc1,17.4,5.3,11.5,21.51975836
CCCOCC(C)O,15.8,7,9.2,19.57753815
CC1CO1,15.2,8.6,6.7,18.70534683
C#CCO,16.1,8.8,19.1,26.48509015
C#CC#N,15.5,17,6.3,23.85246319
CC(C)=C1CCC(C)CC1=O,17.5,8.9,5.5,20.38896761
c1cn[nH]c1,20.2,10.4,12.4,25.88358553
c1ccnnc1,20.2,17.4,11.7,29.11511635
c1ccncc1,19,8.8,5.9,21.75430992
Oc1cccc(O)c1O,20.7,10.7,21.1,31.4354895
c1cc[nH]c1,19.2,7.4,6.7,21.64000924
C1CCNC1,17.9,6.5,7.4,20.43085901
O=C1CCCN1,19.4,17.4,11.3,28.40440107
CC(=O)C#N,15.9,18.9,8,25.96189515
C=CC1CN2CCC1CC2C(O)c1ccnc2ccc(OC)cc12,19,6.6,11,22.92509542
c1ccc2ncccc2c1,19.8,5.6,5.7,21.35158074
O=C1NS(=O)(=O)c2ccccc21,21,13.9,8.8,26.67676892
O=Cc1ccccc1O,19.4,10.7,14.7,26.58834331
O=C(O)c1ccccc1O,19.4,10.1,17.4,27.94870301
O=C(O)CCCCCCCCC(=O)O,17.1,7.1,11.7,21.90228299
NCCc1c[nH]c2ccc(O)cc12,18,8.2,14.4,24.46630336
COc1cc(C=CCO)cc(OC)c1O,19.2,7.3,16.1,26.09865897
Cc1c[nH]c2ccccc12,20,7.1,6.2,22.10995251
NCCCCNCCCN,16.7,11.2,12,23.41644721
CCCCCCCCCCCCCCCCCC(=O)O,16.3,3.3,5.5,17.51656359
C=Cc1ccccc1,18.6,1,4.1,19.07275544
c1ccc(C2CO2)cc1,19.4,5.8,6.6,21.29694814
O=CCCC=O,16.8,9.8,10.5,22.10271477
O=C1CCC(=O)O1,18.6,19.2,16.6,31.46680791
N#CCCC#N,17.9,16.2,7.9,25.40196843
Nc1ccc(S(N)(=O)=O)cc1,20,19.5,10.7,29.91220487
O=S1(=O)CCCC1,20.3,18.2,10.9,29.36222062
N#CSC#N,18.1,13.5,0,22.58007972
O=S=O,15.8,8.4,10,20.49878045
O=S(=O)(Cl)Cl,17.6,7.2,0,19.01578292
O=C(O)c1ccc(C(=O)O)cc1,18.8,6.1,10.7,22.4753198
Cc1ccc(O)c(C(C)(C)C)c1,17.3,3.7,10.5,20.57255453
CC(C)(c1cc(Br)c(O)c(Br)c1)c1cc(Br)c(O)c(Br)c1,20.2,9.1,13.8,26.10153252
BrC(Br)C(Br)Br,22.6,5.1,8.2,24.5766149
Clc1cc(Cl)c(Cl)cc1Cl,21.2,10.7,3.4,23.98937265
O=C1C(Cl)(Cl)CCCC1(Cl)Cl,19.5,14,6.3,24.81813853
ClC(Cl)C(Cl)Cl,18.8,5.1,5.3,20.18761997
ClCC(Cl)(Cl)Cl,18,4.4,4.2,19
ClC(Cl)=C(Cl)Cl,18.3,5.7,0,19.16715941
CC(Cl)(Cl)C(Cl)Cl,17.9,6.7,3.3,19.39561806
CCCCCCCCCCCCCC,16.2,0,0,16.2
C=CCCCCCCCCCCCC,16.1,0.5,1.9,16.21943279
CCO[Si](OCC)(OCC)OCC,13.9,4.3,0.6,14.56228004
C1CCOC1,16.8,5.7,8,19.46098661
OCC1CCCO1,17.8,8.2,10.2,22.09343794
c1ccc2c(c1)CCCC2,19.6,2,2.9,19.91406538
C1CCOCC1,16.4,6.3,6,18.56475155
C1CCSCC1,18.5,6.3,8.9,21.47440337
COC(CC(OC)OC)OC,15,7.1,6.8,17.93460342
Cc1ccc(C)c(C)c1C,18.8,0.5,0.5,18.81329317
Cc1cc(C)c(C)c(C)c1,18.6,0.5,0.5,18.61343601
C1CCSC1,18.6,6.7,9.1,21.7637313
O=S1CCCC1,18.2,11,9.1,23.13114783
CN(C)C(=O)N(C)C,16.7,8.2,11,21.61319042
O=[N+]([O-])C([N+](=O)[O-])([N+](=O)[O-])[N+](=O)[O-],15.5,9.9,7.5,19.8622758
CCSC,16.2,5.9,5.3,18.03718382
C1CS1,19.3,9.1,5,21.91574776
c1cscn1,20.5,18.8,10.8,29.83839808
CC(N)=S,17.5,20.6,20.2,33.74388834
CC(=O)S,17,6.7,8.9,20.32486162
O=C1CCCS1,19,6.9,6.2,21.14355694
N#CS,16.8,8.9,10.9,21.91483516
O=C(O)CS,16,8.6,14.8,23.43074903
O=S(Cl)Cl,16.9,6.2,5.9,18.9436005
c1ccsc1,18.9,2.4,7.8,20.58664616
Sc1ccccc1,20,4.5,10.3,22.94210104
NC(N)=S,20,21.7,14.8,33.0140879
C1CSCCO1,19,6.6,7.7,21.53717716
Cc1ccc(C(C)C)c(O)c1,19,4.5,10.8,22.31344886
Cc1ccccc1,18,1.4,2,18.16480113
Cc1ccccc1N,19.4,5.8,9.4,22.32397814
Cc1ccc(N=C=O)cc1N=C=O,19.3,7.9,6.1,21.72809242
CC(=O)OCC(COC(C)=O)OC(C)=O,16.5,4.5,9.1,19.37291924
CCCCOB(OCCCC)OCCCC,16.7,1.8,4.6,17.41522323
CCCCOC(=O)CC(O)(CC(=O)OCCCC)C(=O)OCCCC,16.6,3.8,10.1,19.79924241
CCCCOP(=O)(OCCCC)OCCCC,16.3,6.3,4.3,17.99638853
c1cn[nH]n1,20.7,8.8,15,27.03571712
Oc1c(Br)cc(Br)cc1Br,20.6,10.2,14.1,26.96683148
BrC=C(Br)Br,18.3,9.4,8,22.07374005
C=CC(Cl)(Cl)Cl,17.7,15.5,3.4,23.77183207
CC(Cl)=C(Cl)Cl,17.7,15.7,3.4,23.90271951
ClC=C(Cl)CCl,17.8,15.7,3.4,23.97686385
O=C(O)C(Cl)(Cl)Cl,18.3,5.8,11.4,22.32688962
N#CC(Cl)(Cl)Cl,16.4,7.4,6.1,18.99815781
COc1c(Cl)cc(Cl)cc1Cl,21,3.9,7,22.47687701
Clc1ccc(Cl)c(Cl)c1,20.2,6,3.2,21.31384527
CC(Cl)(Cl)Cl,16.8,4.3,2,17.45651741
ClCC(Cl)Cl,18.2,5.3,6.8,20.13876858
ClC=C(Cl)Cl,18,3.1,5.3,19.01841213
FC(Cl)(Cl)Cl,15.3,2,0,15.43016526
Oc1c(Cl)cc(Cl)cc1Cl,20.3,5.1,10.8,23.55291914
ClCC(Cl)CCl,17.8,12.3,3.4,21.90182641
Cl[SiH](Cl)Cl.Cl[SiH](Cl)Cl,14.2,3.6,3.8,15.13406753
Sc1cc(Cl)c(Cl)cc1Cl,21,4.5,9.1,23.32509378
FC(F)(Cl)C(F)(Cl)Cl,14.7,1.6,0,14.78681845
Oc1cc(Cl)ccc1Oc1ccc(Cl)cc1Cl,20,7.7,10,23.64931289
Cc1ccc(OP(=O)(Oc2ccc(C)cc2)Oc2ccc(C)cc2)cc1,19,12.3,4.5,23.0768282
CC1(C)C2CC3C(C2)C31C,16.9,0,0,16.9
CCCCCCCCCCCCCO,16.2,3.1,9,18.7896248
OCCN(CCO)CCO,17.3,22.4,23.3,36.65978723
OCCN(CCO)CCO,17.2,20.3,18.4,32.34949768
CCOC(=O)CC(O)(CC(=O)OCC)C(=O)OCC,16.5,4.9,12,20.98237355
CCN(CC)CC,17.8,0.4,1,17.8325545
OCCOCCOCCO,16,12.5,18.6,27.5356133
COCCOCCOCCO,16.2,7.6,12.5,21.82773465
CCOP(=O)(OCC)OCC,16.7,11.4,9.2,22.21463482
OCC(F)(F)F,15.4,8.3,16.4,23.97936613
O=[N+]([O-])c1ccc(F)c(F)c1F,19.5,7.7,3.5,21.25535227
FC(F)(F)c1ccccc1,17.5,8.8,0,19.58800653
O=C(O)C(F)(F)F,15.6,9.9,11.6,21.81581995
CC(F)(F)F,14.6,10.7,0,18.10110494
FC(F)F,14.4,8.9,6.5,18.13339461
CC(=O)c1ccc(C(F)(F)F)cc1,18.8,6.1,3.5,20.07236907
FC(F)(F)c1cccc(C(F)(F)F)c1,17,6.8,0,18.30956034
CC(C)CCCCCOC(=O)c1ccc(C(=O)OCCCCCC(C)C)c(C(=O)OCCCCCC(C)C)c1,16.6,6,2.5,17.82722637
CN(C)C,14.6,3.4,1.8,15.09834428
CC(C)C(=O)OCC(C)(C)C(O)C(C)C,15.1,6.1,9.8,19.00684087
Cc1cccc(C)c1C,18,1,1,18.05547009
C1CSC1,18.8,7.8,9.4,22.41963425
CC(C)CC(C)(C)C,14.1,0,0,14.1
COP(=O)(OC)OC,16.7,15.9,10.2,25.21388506
Cc1c([N+](=O)[O-])cc([N+](=O)[O-])cc1[N+](=O)[O-],19.5,3.7,4.5,20.35165841
FC(F)(F)c1ccc(I)c(CBr)c1,16.2,5.9,4.2,17.74514018
C1OCOCO1,18.7,9.2,8.6,22.54528776
O=P(Oc1ccccc1)(Oc1ccccc1)Oc1ccccc1,20.1,6.4,6.8,22.16325788
CCCCCCCCCCC,16,0,0,16
NC(N)=O,20.9,18.7,26.4,38.51571108
CCCCC#N,15.3,11,4.8,19.44556505
COc1cc(C=O)ccc1O,19.4,9.8,11.2,24.45076686
C=COCCCl,16.3,6.7,5.8,18.55316685
C=COC(C)=O,16,7.2,5.9,18.51080765
C=CCC(=O)O,16.8,5.2,12.3,21.46089467
C#CC=C,15.1,1.7,12,19.36233457
C=CCOC=C,14.9,6.5,5.3,17.09824552
C=CN,15.7,7.2,11.8,20.91817392
C=CBr,15.9,6.3,5.4,17.93488221
C=COCCCC,15.2,4.1,5.1,16.54871596
C=COC(=O)CCC,15.6,3.9,6.9,17.49799989
C=COCCOCCO,16.3,7.5,13.8,22.63581233
C=CCl,16,6.5,2.4,17.43588254
C=COC(=O)C=CC,15.9,5,9,18.94228075
C=COC=C,14.8,4.2,5.8,16.44141113
C=COCCOCCOCCO,15.9,6,6.6,18.23101753
C=COCC,14.5,4.9,6,16.43958637
C=COC=O,15.3,6.5,9.7,19.24655813
C=CI,17.1,5.5,7.3,19.38943011
C=COCC(C)C,15.1,4.1,5.1,16.45691344
C=COC(C)C,14.7,3.5,5.2,15.98061325
C=COC(=O)CC,15.6,8,4.7,18.15075756
C=Cc1ccncc1,18.1,7.2,6.8,20.6322563
C=CN1CCCC1=O,16.4,9.3,5.9,19.75499937
C=C[SiH3],15.5,2.6,4,16.21758305
C=Cc1ccccc1C,18.6,1,3.8,19.0105234
C=C[Si](C)(C)C,14.5,1,2.5,14.7478812
O=c1occo1,17.3,18.1,9.6,26.81529414
O,15.5,16,42.3,47.80732161
Cc1ccccc1C,17.6,1,3.1,17.89888265